userId,cUserId
62b6ed34fc13ae6bd6000289,62b6ed34fc13ae6bd600029a
62b6ed34fc13ae6bd6000280,62b6ed34fc13ae6bd6000296
62b6ed34fc13ae6bd6000283,62b6ed34fc13ae6bd6000293
62b6ed34fc13ae6bd6000283,62b6ed34fc13ae6bd6000296
62b6ed34fc13ae6bd6000294,62b6ed34fc13ae6bd60002a3
62b6ed34fc13ae6bd6000290,62b6ed34fc13ae6bd6000295
62b6ed34fc13ae6bd60002a0,62b6ed34fc13ae6bd60002b1
62b6ed34fc13ae6bd600029e,62b6ed34fc13ae6bd60002ab
62b6ed34fc13ae6bd600029f,62b6ed34fc13ae6bd60002a0
62b6ed34fc13ae6bd6000294,62b6ed34fc13ae6bd6000298
62b6ed34fc13ae6bd6000296,62b6ed34fc13ae6bd60002b1
62b6ed34fc13ae6bd6000283,62b6ed34fc13ae6bd60002a7
62b6ed34fc13ae6bd6000296,62b6ed34fc13ae6bd60002ad
62b6ed34fc13ae6bd6000291,62b6ed34fc13ae6bd600029d
62b6ed34fc13ae6bd6000292,62b6ed34fc13ae6bd60002a7
62b6ed34fc13ae6bd6000286,62b6ed34fc13ae6bd60002a7
62b6ed34fc13ae6bd600028a,62b6ed34fc13ae6bd6000292
62b6ed34fc13ae6bd6000292,62b6ed34fc13ae6bd60002a4
62b6ed34fc13ae6bd600029f,62b6ed34fc13ae6bd60002ad
62b6ed34fc13ae6bd600028b,62b6ed34fc13ae6bd60002a0
62b6ed34fc13ae6bd60002ac,62b6ed34fc13ae6bd60002af
62b6ed34fc13ae6bd60002a3,62b6ed34fc13ae6bd60002ad
62b6ed34fc13ae6bd6000285,62b6ed34fc13ae6bd600029d
62b6ed34fc13ae6bd6000282,62b6ed34fc13ae6bd600028c
62b6ed34fc13ae6bd6000293,62b6ed34fc13ae6bd6000298
62b6ed34fc13ae6bd600029a,62b6ed34fc13ae6bd60002aa
62b6ed34fc13ae6bd600028e,62b6ed34fc13ae6bd60002a0
62b6ed34fc13ae6bd6000288,62b6ed34fc13ae6bd600028d
62b6ed34fc13ae6bd600028a,62b6ed34fc13ae6bd60002a2
62b6ed34fc13ae6bd6000299,62b6ed34fc13ae6bd600029d
62b6ed34fc13ae6bd6000290,62b6ed34fc13ae6bd6000296
62b6ed34fc13ae6bd600029c,62b6ed34fc13ae6bd60002a0
62b6ed34fc13ae6bd6000290,62b6ed34fc13ae6bd600029f
62b6ed34fc13ae6bd6000285,62b6ed34fc13ae6bd600028d
62b6ed34fc13ae6bd6000287,62b6ed34fc13ae6bd600029f
62b6ed34fc13ae6bd6000299,62b6ed34fc13ae6bd600029b
62b6ed34fc13ae6bd6000299,62b6ed34fc13ae6bd60002a4
62b6ed34fc13ae6bd600028c,62b6ed34fc13ae6bd60002a2
62b6ed34fc13ae6bd600029b,62b6ed34fc13ae6bd60002a2
62b6ed34fc13ae6bd6000285,62b6ed34fc13ae6bd60002a3
62b6ed34fc13ae6bd6000282,62b6ed34fc13ae6bd60002a3
62b6ed34fc13ae6bd600029f,62b6ed34fc13ae6bd60002af
62b6ed34fc13ae6bd6000280,62b6ed34fc13ae6bd6000286
62b6ed34fc13ae6bd600028f,62b6ed34fc13ae6bd60002a9
62b6ed34fc13ae6bd6000290,62b6ed34fc13ae6bd60002ac
62b6ed34fc13ae6bd6000284,62b6ed34fc13ae6bd60002a2
62b6ed34fc13ae6bd6000285,62b6ed34fc13ae6bd600029e
62b6ed34fc13ae6bd6000287,62b6ed34fc13ae6bd60002a3
62b6ed34fc13ae6bd60002a1,62b6ed34fc13ae6bd60002a8
62b6ed34fc13ae6bd6000294,62b6ed34fc13ae6bd60002a1
62b6ed34fc13ae6bd6000282,62b6ed34fc13ae6bd600029a
62b6ed34fc13ae6bd600028b,62b6ed34fc13ae6bd60002a7
62b6ed34fc13ae6bd600028a,62b6ed34fc13ae6bd60002ac
62b6ed34fc13ae6bd6000299,62b6ed34fc13ae6bd60002ac
62b6ed34fc13ae6bd6000291,62b6ed34fc13ae6bd60002a9
62b6ed34fc13ae6bd6000296,62b6ed34fc13ae6bd60002a1
